ターメリック片・バケツプランター　… マグネシウム气📈　な　クロロフィル📈 , MgFe(1_24hours)12920
油藻・畦（あぜ　水田路）・ターメリック　（クロロフィル・マグネシウム　ターメリック_マグネシウム气　藻_クロロフィルな緑）, MgFe(1_24hours)12920
紫わさび菜・ターメリックパウダー・土　（培）, MgFe(1_24hours)12920
鶏卵・レモン・柚子, MgFe(1_24hours)12920
レモン、パッションフルーツ、グレープフルーツ、キウイフルーツ、ネーブルオレンジ、いちご、パイナップル, MgFe(1_24hours)12920
多量な木　たて、多量な木　たて木な上　横　（たて木枝と木横木）、粘土多量　木と枝に塗る、粘土壁と枝と油　火　熱する、秋冬1期　やわらか　な　木粘土壁　と　綿多　な　温暖气📈。, MgFe(1_24hours)12920
ハンマー气　遠い　ほど　建築術📉（建築者方投資量📉　建築な熟練者…建築气365） , MgFe(1_24hours)12920
H水素　… 牛乳　と　熱火　と　柚子, MgFe(1_24hours)12920
H水素　… 灰草木, MgFe(1_24hours)12920
脂气　… COO and H、H水素食　脂气📈食, MgFe(1_24hours)12920
エネルギー自地量% … 林・森・山　せまい　か　広い　か。, MgFe(1_24hours)12920
夏期　… 積算温度多　な　動かず　な　📈　とか　な、マグネシウム食水疱期　身熱すぎ症　など　な、身📈食　が　夏あつすぎ　なら　動かず　とか　な。（冬　寒すぎ　な　多動積算温度📈　とか　な、水　なら　動气　が　冬＞夏。）, MgFe(1_24hours)12920
バケツと皿プランターと水　… 多水なタネ培（夏期　水气📈）, MgFe(1_24hours)12920
酪農　と　柚子皮, MgFe(1_24hours)12920
牛　… 柚子実　丸食、サルモネラ菌📉　湿潤气📈。, MgFe(1_24hours)12920
じっくり中火で煮た__牛乳（柚子液　添加）, MgFe(1_24hours)12920
